"","year","iso3c","gdp"
"1",1993,"ARG",493954108132.519
"2",1994,"ARG",522748989668.395
"3",1995,"ARG",507875684712.579
"4",1996,"ARG",535944399983.447
"5",1997,"ARG",579415097951.433
"6",1998,"ARG",601723620846.732
"7",1999,"ARG",581352521561.387
"8",2000,"ARG",576765658558.573
"9",2001,"ARG",551336983728.476
"10",2002,"ARG",491271661094.349
"11",2003,"ARG",535266824974.59
"12",2004,"ARG",582965357618.555
"13",2005,"ARG",634567468592.549
"14",2006,"ARG",685632074162.636
"15",2007,"ARG",747391417750.639
"16",2008,"ARG",777714829731.587
"17",2009,"ARG",731685582513.212
"18",2010,"ARG",805771660990.415
"19",2011,"ARG",854149802268.794
"20",2012,"ARG",845382633896.996
"21",2013,"ARG",865716823490.357
"22",2014,"ARG",843964689888.389
"23",2015,"ARG",867014714555.336
"24",2016,"ARG",848977965979.329
"25",2017,"ARG",872906435201.78
"26",2018,"ARG",850513313592.625
"27",2019,"ARG",832754469212.901
"28",2020,"ARG",750268183956.682
"29",2021,"ARG",795964402520.902
"30",2022,"ARG",810488224465.654
"31",2023,"ARG",848126200000
"32",2024,"ARG",884615900000
"33",2025,"ARG",915992600000
"34",2026,"ARG",943094200000
"35",2027,"ARG",967460400000
"36",2028,"ARG",990326400000
"37",2029,"ARG",1.012411e+12
"38",2030,"ARG",1.034128e+12
"39",2031,"ARG",1.055697e+12
"40",2032,"ARG",1.077232e+12
"41",2033,"ARG",1.098769e+12
"42",2034,"ARG",1.120301e+12
"43",2035,"ARG",1.141795e+12
"44",2036,"ARG",1.163215e+12
"45",2037,"ARG",1.184521e+12
"46",2038,"ARG",1.205682e+12
"47",2039,"ARG",1.226668e+12
"48",2040,"ARG",1.247469e+12
"49",2041,"ARG",1.268104e+12
"50",2042,"ARG",1.288622e+12
"51",2043,"ARG",1.309112e+12
"52",2044,"ARG",1.329669e+12
"53",2045,"ARG",1.350377e+12
"54",2046,"ARG",1.371294e+12
"55",2047,"ARG",1.392444e+12
"56",2048,"ARG",1.41382e+12
"57",2049,"ARG",1.435395e+12
"58",2050,"ARG",1.45714e+12
"59",2051,"ARG",1.47904e+12
"60",2052,"ARG",1.501082e+12
"61",2053,"ARG",1.523271e+12
"62",2054,"ARG",1.545619e+12
"63",2055,"ARG",1.568151e+12
"64",2056,"ARG",1.590903e+12
"65",2057,"ARG",1.613908e+12
"66",2058,"ARG",1.637214e+12
"67",2059,"ARG",1.660871e+12
"68",2060,"ARG",1.684933e+12
"69",1990,"AUS",514523527335.494
"70",1991,"AUS",507675980286.004
"71",1992,"AUS",522807944881.414
"72",1993,"AUS",544209720035.55
"73",1994,"AUS",569998059105.56
"74",1995,"AUS",587555520864.786
"75",1996,"AUS",611347307212.939
"76",1997,"AUS",636796350606.8
"77",1998,"AUS",668579328329.374
"78",1999,"AUS",696696045066.908
"79",2000,"AUS",719751964462.384
"80",2001,"AUS",739380686248.309
"81",2002,"AUS",768514044892.545
"82",2003,"AUS",790965457679.687
"83",2004,"AUS",822366805586.701
"84",2005,"AUS",847531961222.169
"85",2006,"AUS",870897293371.858
"86",2007,"AUS",909471787665.292
"87",2008,"AUS",932617978387.45
"88",2009,"AUS",950201587703.37
"89",2010,"AUS",973462952187.157
"90",2011,"AUS",1000063110636.43
"91",2012,"AUS",1039364756030.31
"92",2013,"AUS",1061186759774.17
"93",2014,"AUS",1088236407174.24
"94",2015,"AUS",1113216662230.23
"95",2016,"AUS",1143607593839.28
"96",2017,"AUS",1171521978292.87
"97",2018,"AUS",1205264777645.75
"98",2019,"AUS",1228699214052.42
"99",2020,"AUS",1197917936775.58
"100",2021,"AUS",1259414440557.4
"101",2022,"AUS",1302655003741.4
"102",2023,"AUS",1.343408e+12
"103",2024,"AUS",1.382308e+12
"104",2025,"AUS",1.42029e+12
"105",2026,"AUS",1.45815e+12
"106",2027,"AUS",1.496279e+12
"107",2028,"AUS",1.53482e+12
"108",2029,"AUS",1.573857e+12
"109",2030,"AUS",1.613475e+12
"110",2031,"AUS",1.653734e+12
"111",2032,"AUS",1.694653e+12
"112",2033,"AUS",1.736199e+12
"113",2034,"AUS",1.778305e+12
"114",2035,"AUS",1.820914e+12
"115",2036,"AUS",1.864007e+12
"116",2037,"AUS",1.907572e+12
"117",2038,"AUS",1.951647e+12
"118",2039,"AUS",1.996285e+12
"119",2040,"AUS",2.041542e+12
"120",2041,"AUS",2.087444e+12
"121",2042,"AUS",2.13396e+12
"122",2043,"AUS",2.180996e+12
"123",2044,"AUS",2.228435e+12
"124",2045,"AUS",2.276186e+12
"125",2046,"AUS",2.324232e+12
"126",2047,"AUS",2.372592e+12
"127",2048,"AUS",2.421374e+12
"128",2049,"AUS",2.470749e+12
"129",2050,"AUS",2.52093e+12
"130",2051,"AUS",2.572145e+12
"131",2052,"AUS",2.624589e+12
"132",2053,"AUS",2.678432e+12
"133",2054,"AUS",2.733837e+12
"134",2055,"AUS",2.790961e+12
"135",2056,"AUS",2.849944e+12
"136",2057,"AUS",2.910808e+12
"137",2058,"AUS",2.973533e+12
"138",2059,"AUS",3.038041e+12
"139",2060,"AUS",3.104236e+12
"140",1990,"BRA",1534984108403.34
"141",1991,"BRA",1550333949487.37
"142",1992,"BRA",1542582279739.93
"143",1993,"BRA",1618168811447.19
"144",1994,"BRA",1713640771322.58
"145",1995,"BRA",1785613683718.12
"146",1996,"BRA",1824897184759.92
"147",1997,"BRA",1886849633826.89
"148",1998,"BRA",1893229032680.84
"149",1999,"BRA",1902088162832.49
"150",2000,"BRA",1985550829527.91
"151",2001,"BRA",2013147928968.37
"152",2002,"BRA",2074618633475.18
"153",2003,"BRA",2098286484302.41
"154",2004,"BRA",2219147043858.68
"155",2005,"BRA",2290207047609.84
"156",2006,"BRA",2380944792472.87
"157",2007,"BRA",2525465060712.59
"158",2008,"BRA",2654117187025.05
"159",2009,"BRA",2650777988784.6
"160",2010,"BRA",2850334542320.85
"161",2011,"BRA",2963618896151.38
"162",2012,"BRA",3020555230550.12
"163",2013,"BRA",3111317558895.91
"164",2014,"BRA",3126997222650.26
"165",2015,"BRA",3016121299772.88
"166",2016,"BRA",2917315671941.97
"167",2017,"BRA",2955907938009.46
"168",2018,"BRA",3008631485745.81
"169",2019,"BRA",3051087878450.42
"170",2020,"BRA",2927242748886.82
"171",2021,"BRA",3035829557905.98
"172",2022,"BRA",3111960685114.44
"173",2023,"BRA",3.204767e+12
"174",2024,"BRA",3.294893e+12
"175",2025,"BRA",3.379235e+12
"176",2026,"BRA",3.459176e+12
"177",2027,"BRA",3.535859e+12
"178",2028,"BRA",3.610793e+12
"179",2029,"BRA",3.685009e+12
"180",2030,"BRA",3.758912e+12
"181",2031,"BRA",3.832638e+12
"182",2032,"BRA",3.906212e+12
"183",2033,"BRA",3.979679e+12
"184",2034,"BRA",4.053077e+12
"185",2035,"BRA",4.126441e+12
"186",2036,"BRA",4.199798e+12
"187",2037,"BRA",4.273145e+12
"188",2038,"BRA",4.346415e+12
"189",2039,"BRA",4.419491e+12
"190",2040,"BRA",4.492234e+12
"191",2041,"BRA",4.564508e+12
"192",2042,"BRA",4.636089e+12
"193",2043,"BRA",4.706795e+12
"194",2044,"BRA",4.776454e+12
"195",2045,"BRA",4.844926e+12
"196",2046,"BRA",4.912127e+12
"197",2047,"BRA",4.977987e+12
"198",2048,"BRA",5.042484e+12
"199",2049,"BRA",5.105633e+12
"200",2050,"BRA",5.1675e+12
"201",2051,"BRA",5.228207e+12
"202",2052,"BRA",5.28787e+12
"203",2053,"BRA",5.34665e+12
"204",2054,"BRA",5.404732e+12
"205",2055,"BRA",5.462319e+12
"206",2056,"BRA",5.519602e+12
"207",2057,"BRA",5.576626e+12
"208",2058,"BRA",5.633426e+12
"209",2059,"BRA",5.690021e+12
"210",2060,"BRA",5.746465e+12
"211",1990,"CAN",899644216914.714
"212",1991,"CAN",880876869564.756
"213",1992,"CAN",888807047896.76
"214",1993,"CAN",912456928696.222
"215",1994,"CAN",953466997072.541
"216",1995,"CAN",979153171716.058
"217",1996,"CAN",995007350304.084
"218",1997,"CAN",1037594063671.31
"219",1998,"CAN",1078020303867.22
"220",1999,"CAN",1133677560720.32
"221",2000,"CAN",1192375254700.6
"222",2001,"CAN",1213718447863.81
"223",2002,"CAN",1250349084111.53
"224",2003,"CAN",1272874349146.18
"225",2004,"CAN",1312167736142.64
"226",2005,"CAN",1354212220374.41
"227",2006,"CAN",1389886284524.06
"228",2007,"CAN",1418682296681.65
"229",2008,"CAN",1432929969578.18
"230",2009,"CAN",1391003074725.96
"231",2010,"CAN",1433983949340.91
"232",2011,"CAN",1479098525464.58
"233",2012,"CAN",1505144881937.92
"234",2013,"CAN",1540201550360.99
"235",2014,"CAN",1584405889956.47
"236",2015,"CAN",1594849927406.03
"237",2016,"CAN",1610820665694.27
"238",2017,"CAN",1659787684065.19
"239",2018,"CAN",1700113015686.71
"240",2019,"CAN",1731759180231.19
"241",2020,"CAN",1638195720375.72
"242",2021,"CAN",1738685474499.96
"243",2022,"CAN",1803949390414.25
"244",2023,"CAN",1.84547e+12
"245",2024,"CAN",1.879382e+12
"246",2025,"CAN",1.910677e+12
"247",2026,"CAN",1.941028e+12
"248",2027,"CAN",1.971131e+12
"249",2028,"CAN",2.001342e+12
"250",2029,"CAN",2.031657e+12
"251",2030,"CAN",2.062052e+12
"252",2031,"CAN",2.092519e+12
"253",2032,"CAN",2.123074e+12
"254",2033,"CAN",2.153713e+12
"255",2034,"CAN",2.184405e+12
"256",2035,"CAN",2.215121e+12
"257",2036,"CAN",2.245861e+12
"258",2037,"CAN",2.27667e+12
"259",2038,"CAN",2.307601e+12
"260",2039,"CAN",2.338696e+12
"261",2040,"CAN",2.369987e+12
"262",2041,"CAN",2.4015e+12
"263",2042,"CAN",2.433262e+12
"264",2043,"CAN",2.465259e+12
"265",2044,"CAN",2.497441e+12
"266",2045,"CAN",2.529752e+12
"267",2046,"CAN",2.56217e+12
"268",2047,"CAN",2.594744e+12
"269",2048,"CAN",2.627496e+12
"270",2049,"CAN",2.660443e+12
"271",2050,"CAN",2.693609e+12
"272",2051,"CAN",2.727039e+12
"273",2052,"CAN",2.760775e+12
"274",2053,"CAN",2.794863e+12
"275",2054,"CAN",2.829321e+12
"276",2055,"CAN",2.864165e+12
"277",2056,"CAN",2.899452e+12
"278",2057,"CAN",2.935248e+12
"279",2058,"CAN",2.971639e+12
"280",2059,"CAN",3.008671e+12
"281",2060,"CAN",3.046355e+12
"282",1990,"CHE",367328731518.619
"283",1991,"CHE",364227691031.452
"284",1992,"CHE",363417121831.138
"285",1993,"CHE",362711853790.168
"286",1994,"CHE",367341126016.543
"287",1995,"CHE",369451201428.469
"288",1996,"CHE",371511503351.397
"289",1997,"CHE",379826257554.719
"290",1998,"CHE",391335380737.684
"291",1999,"CHE",397899466990.935
"292",2000,"CHE",414118792284.562
"293",2001,"CHE",420916638598.561
"294",2002,"CHE",421048511435.249
"295",2003,"CHE",420727484925.226
"296",2004,"CHE",431772434075.616
"297",2005,"CHE",444096516398.66
"298",2006,"CHE",462502753244.189
"299",2007,"CHE",481282906275.397
"300",2008,"CHE",494049723219.629
"301",2009,"CHE",483917241177.063
"302",2010,"CHE",499395508860.148
"303",2011,"CHE",508961203841.199
"304",2012,"CHE",515774085425.134
"305",2013,"CHE",525330424699.831
"306",2014,"CHE",538066358582.992
"307",2015,"CHE",546868930892.476
"308",2016,"CHE",557725407844.098
"309",2017,"CHE",566940745221.521
"310",2018,"CHE",584158317679.239
"311",2019,"CHE",590667301510.649
"312",2020,"CHE",573047109024.132
"313",2021,"CHE",591616581954.275
"314",2022,"CHE",608673899691.277
"315",2023,"CHE",619900100000
"316",2024,"CHE",629602100000
"317",2025,"CHE",639031800000
"318",2026,"CHE",648599400000
"319",2027,"CHE",658358800000
"320",2028,"CHE",668280700000
"321",2029,"CHE",678313500000
"322",2030,"CHE",688435800000
"323",2031,"CHE",698649700000
"324",2032,"CHE",708964800000
"325",2033,"CHE",719396100000
"326",2034,"CHE",729958900000
"327",2035,"CHE",740668100000
"328",2036,"CHE",751536600000
"329",2037,"CHE",762582500000
"330",2038,"CHE",7.73813e+11
"331",2039,"CHE",785231400000
"332",2040,"CHE",796838600000
"333",2041,"CHE",808636700000
"334",2042,"CHE",820636600000
"335",2043,"CHE",832839100000
"336",2044,"CHE",8.45245e+11
"337",2045,"CHE",857854100000
"338",2046,"CHE",8.70671e+11
"339",2047,"CHE",883718300000
"340",2048,"CHE",897011200000
"341",2049,"CHE",910563800000
"342",2050,"CHE",924387400000
"343",2051,"CHE",938496400000
"344",2052,"CHE",952886900000
"345",2053,"CHE",967578500000
"346",2054,"CHE",982591300000
"347",2055,"CHE",997946500000
"348",2056,"CHE",1.013665e+12
"349",2057,"CHE",1.029769e+12
"350",2058,"CHE",1.046275e+12
"351",2059,"CHE",1.063189e+12
"352",2060,"CHE",1.0805e+12
"353",1990,"CHL",116262461318.527
"354",1991,"CHL",125528463863.626
"355",1992,"CHL",140940878170.915
"356",1993,"CHL",150787380088.15
"357",1994,"CHL",159394503319.928
"358",1995,"CHL",176334277224.583
"359",1996,"CHL",189406829864.649
"360",1997,"CHL",203334178894.724
"361",1998,"CHL",212401992966.845
"362",1999,"CHL",211304806070.618
"363",2000,"CHL",222598701399.35
"364",2001,"CHL",229967616919.393
"365",2002,"CHL",237102191997.915
"366",2003,"CHL",246833226301.916
"367",2004,"CHL",264557118072.735
"368",2005,"CHL",279885142776.072
"369",2006,"CHL",297576244185.071
"370",2007,"CHL",312201511439.874
"371",2008,"CHL",323221474834.83
"372",2009,"CHL",318256336951.42
"373",2010,"CHL",336927548668.399
"374",2011,"CHL",357209065558.595
"375",2012,"CHL",376575890463.904
"376",2013,"CHL",391978590890.01
"377",2014,"CHL",398738582493.208
"378",2015,"CHL",407747451332.085
"379",2016,"CHL",414352352285.565
"380",2017,"CHL",420191098395.208
"381",2018,"CHL",436012011552.488
"382",2019,"CHL",439831540862.064
"383",2020,"CHL",413320990954.928
"384",2021,"CHL",441170257900.904
"385",2022,"CHL",456803703748.668
"386",2023,"CHL",473898500000
"387",2024,"CHL",489101900000
"388",2025,"CHL",501847700000
"389",2026,"CHL",512686900000
"390",2027,"CHL",522432100000
"391",2028,"CHL",531616700000
"392",2029,"CHL",540480400000
"393",2030,"CHL",549161300000
"394",2031,"CHL",557732700000
"395",2032,"CHL",566198800000
"396",2033,"CHL",574532200000
"397",2034,"CHL",582684800000
"398",2035,"CHL",590607100000
"399",2036,"CHL",598265900000
"400",2037,"CHL",605654600000
"401",2038,"CHL",612781600000
"402",2039,"CHL",619663500000
"403",2040,"CHL",626320100000
"404",2041,"CHL",6.32772e+11
"405",2042,"CHL",639025200000
"406",2043,"CHL",645094300000
"407",2044,"CHL",650993300000
"408",2045,"CHL",656737700000
"409",2046,"CHL",662343400000
"410",2047,"CHL",667818100000
"411",2048,"CHL",673169500000
"412",2049,"CHL",678402700000
"413",2050,"CHL",683525900000
"414",2051,"CHL",688552700000
"415",2052,"CHL",693495500000
"416",2053,"CHL",698364300000
"417",2054,"CHL",703170700000
"418",2055,"CHL",707932400000
"419",2056,"CHL",712673600000
"420",2057,"CHL",717403200000
"421",2058,"CHL",722139400000
"422",2059,"CHL",726903100000
"423",2060,"CHL",731720600000
"424",1990,"CHN",1654607177819.56
"425",1991,"CHN",1806482523305.27
"426",1992,"CHN",2063738395616.48
"427",1993,"CHN",2350262247924.04
"428",1994,"CHN",2656661392483.79
"429",1995,"CHN",2947670868384.87
"430",1996,"CHN",3240155183103.58
"431",1997,"CHN",3539441185461.28
"432",1998,"CHN",3817144034507.98
"433",1999,"CHN",4109600307685.02
"434",2000,"CHN",4458509212585.12
"435",2001,"CHN",4830158657727.47
"436",2002,"CHN",5271327516095.51
"437",2003,"CHN",5800464978861.81
"438",2004,"CHN",6387102045103.39
"439",2005,"CHN",7114886251631.08
"440",2006,"CHN",8019967777672
"441",2007,"CHN",9161278238743.31
"442",2008,"CHN",10045403786532.3
"443",2009,"CHN",10989543726854.1
"444",2010,"CHN",12158377427724.6
"445",2011,"CHN",13319603651657.5
"446",2012,"CHN",14367022179008.5
"447",2013,"CHN",15482786686330.6
"448",2014,"CHN",16632501833639.4
"449",2015,"CHN",17796776961994.2
"450",2016,"CHN",19006957795409.8
"451",2017,"CHN",20318437883293.1
"452",2018,"CHN",21679773221473.7
"453",2019,"CHN",22980559614762.1
"454",2020,"CHN",23509112485901.6
"455",2021,"CHN",25514667152519.3
"456",2022,"CHN",26995184572743
"457",2023,"CHN",2.832623e+13
"458",2024,"CHN",2.959643e+13
"459",2025,"CHN",3.084774e+13
"460",2026,"CHN",3.209055e+13
"461",2027,"CHN",3.332816e+13
"462",2028,"CHN",3.455896e+13
"463",2029,"CHN",3.577669e+13
"464",2030,"CHN",3.697671e+13
"465",2031,"CHN",3.815528e+13
"466",2032,"CHN",3.930947e+13
"467",2033,"CHN",4.043556e+13
"468",2034,"CHN",4.152945e+13
"469",2035,"CHN",4.258753e+13
"470",2036,"CHN",4.360762e+13
"471",2037,"CHN",4.458865e+13
"472",2038,"CHN",4.553114e+13
"473",2039,"CHN",4.643627e+13
"474",2040,"CHN",4.730581e+13
"475",2041,"CHN",4.81421e+13
"476",2042,"CHN",4.894785e+13
"477",2043,"CHN",4.972636e+13
"478",2044,"CHN",5.048121e+13
"479",2045,"CHN",5.121627e+13
"480",2046,"CHN",5.193604e+13
"481",2047,"CHN",5.264564e+13
"482",2048,"CHN",5.335057e+13
"483",2049,"CHN",5.405581e+13
"484",2050,"CHN",5.476528e+13
"485",2051,"CHN",5.548159e+13
"486",2052,"CHN",5.620548e+13
"487",2053,"CHN",5.693611e+13
"488",2054,"CHN",5.767156e+13
"489",2055,"CHN",5.841003e+13
"490",2056,"CHN",5.915073e+13
"491",2057,"CHN",5.989405e+13
"492",2058,"CHN",6.064027e+13
"493",2059,"CHN",6.138907e+13
"494",2060,"CHN",6.213979e+13
"495",1990,"COL",259317081644.382
"496",1991,"COL",266550008608.349
"497",1992,"COL",278074603549.233
"498",1993,"COL",293999351971.894
"499",1994,"COL",310486282729.625
"500",1995,"COL",327021044383.009
"501",1996,"COL",332214307982.677
"502",1997,"COL",342826950995.207
"503",1998,"COL",344898505392.289
"504",1999,"COL",326994853982.463
"505",2000,"COL",335395998436.733
"506",2001,"COL",341023701801.128
"507",2002,"COL",349562468704.538
"508",2003,"COL",363260100014.43
"509",2004,"COL",382632549236.33
"510",2005,"COL",400641375779.744
"511",2006,"COL",427551930850.955
"512",2007,"COL",456361212356.437
"513",2008,"COL",471345587178.693
"514",2009,"COL",476717270778.507
"515",2010,"COL",498144086354.474
"516",2011,"COL",532754599387.785
"517",2012,"COL",553599346394.628
"518",2013,"COL",582021100965.051
"519",2014,"COL",608206404910.258
"520",2015,"COL",626184386397.513
"521",2016,"COL",639255249707.1
"522",2017,"COL",647945035417.535
"523",2018,"COL",664560447299.796
"524",2019,"COL",686365451812.384
"525",2020,"COL",639721715977.635
"526",2021,"COL",688595765995.188
"527",2022,"COL",713011200183.336
"528",2023,"COL",736483200000
"529",2024,"COL",759412100000
"530",2025,"COL",782222500000
"531",2026,"COL",804690900000
"532",2027,"COL",826558300000
"533",2028,"COL",847840300000
"534",2029,"COL",868597500000
"535",2030,"COL",888825800000
"536",2031,"COL",908503900000
"537",2032,"COL",927604400000
"538",2033,"COL",946115100000
"539",2034,"COL",964033200000
"540",2035,"COL",981370200000
"541",2036,"COL",998151700000
"542",2037,"COL",1.014405e+12
"543",2038,"COL",1.030161e+12
"544",2039,"COL",1.045456e+12
"545",2040,"COL",1.060325e+12
"546",2041,"COL",1.074808e+12
"547",2042,"COL",1.088928e+12
"548",2043,"COL",1.102707e+12
"549",2044,"COL",1.116164e+12
"550",2045,"COL",1.129315e+12
"551",2046,"COL",1.142176e+12
"552",2047,"COL",1.154731e+12
"553",2048,"COL",1.166967e+12
"554",2049,"COL",1.178864e+12
"555",2050,"COL",1.190411e+12
"556",2051,"COL",1.201614e+12
"557",2052,"COL",1.212478e+12
"558",2053,"COL",1.223014e+12
"559",2054,"COL",1.233239e+12
"560",2055,"COL",1.243187e+12
"561",2056,"COL",1.252909e+12
"562",2057,"COL",1.262436e+12
"563",2058,"COL",1.271824e+12
"564",2059,"COL",1.281148e+12
"565",2060,"COL",1.290494e+12
"566",1991,"CRI",29233146818.6822
"567",1992,"CRI",31922918981.0861
"568",1993,"CRI",34188549591.49
"569",1994,"CRI",35733539850.1183
"570",1995,"CRI",37217894318.3664
"571",1996,"CRI",37720506904.6526
"572",1997,"CRI",39786144389.773
"573",1998,"CRI",42632965794.4342
"574",1999,"CRI",44429864799.1097
"575",2000,"CRI",46148731014.9588
"576",2001,"CRI",47759861619.9024
"577",2002,"CRI",49391757058.671
"578",2003,"CRI",51524088047.2281
"579",2004,"CRI",53803822640.9832
"580",2005,"CRI",55943421159.0439
"581",2006,"CRI",60042225243.4951
"582",2007,"CRI",64974773290.2096
"583",2008,"CRI",68053391678.8114
"584",2009,"CRI",67458975283.3268
"585",2010,"CRI",71075008095.8962
"586",2011,"CRI",74204553881.7445
"587",2012,"CRI",77827659797.6796
"588",2013,"CRI",79769277884.2308
"589",2014,"CRI",82594793351.3326
"590",2015,"CRI",85611222082.6346
"591",2016,"CRI",89210594595.4435
"592",2017,"CRI",92919702561.3968
"593",2018,"CRI",94830320023.7552
"594",2019,"CRI",96886195661.473
"595",2020,"CRI",92487595400.7465
"596",2021,"CRI",94761675641.1224
"597",2022,"CRI",97985573203.5067
"598",2023,"CRI",103904300000
"599",2024,"CRI",1.09728e+11
"600",2025,"CRI",114902400000
"601",2026,"CRI",119484700000
"602",2027,"CRI",123650500000
"603",2028,"CRI",127562800000
"604",2029,"CRI",131306300000
"605",2030,"CRI",134929800000
"606",2031,"CRI",138459700000
"607",2032,"CRI",141908500000
"608",2033,"CRI",145282700000
"609",2034,"CRI",1.48585e+11
"610",2035,"CRI",151816900000
"611",2036,"CRI",1.5498e+11
"612",2037,"CRI",158075400000
"613",2038,"CRI",161103100000
"614",2039,"CRI",164062600000
"615",2040,"CRI",166953700000
"616",2041,"CRI",1.69777e+11
"617",2042,"CRI",172531400000
"618",2043,"CRI",175215300000
"619",2044,"CRI",177827500000
"620",2045,"CRI",180368100000
"621",2046,"CRI",182837900000
"622",2047,"CRI",185232500000
"623",2048,"CRI",187548600000
"624",2049,"CRI",189783300000
"625",2050,"CRI",191936700000
"626",2051,"CRI",194011600000
"627",2052,"CRI",196011500000
"628",2053,"CRI",1.97939e+11
"629",2054,"CRI",199798100000
"630",2055,"CRI",201595800000
"631",2056,"CRI",203342200000
"632",2057,"CRI",205044500000
"633",2058,"CRI",206711200000
"634",2059,"CRI",208352800000
"635",2060,"CRI",209982500000
"636",1995,"EA17",10298470303239.7
"637",1996,"EA17",10470419634543.1
"638",1997,"EA17",10762901722753.5
"639",1998,"EA17",11080437768903.4
"640",1999,"EA17",11396337966024.4
"641",2000,"EA17",11853963408269.7
"642",2001,"EA17",12121234221323.6
"643",2002,"EA17",12242412605019.8
"644",2003,"EA17",12340109431499.1
"645",2004,"EA17",12598022073292.8
"646",2005,"EA17",12827447297797.8
"647",2006,"EA17",13262243180993.1
"648",2007,"EA17",13666153867922.1
"649",2008,"EA17",13709338008417.7
"650",2009,"EA17",13085336339148.2
"651",2010,"EA17",13349048879402.8
"652",2011,"EA17",13569568398038
"653",2012,"EA17",13450542649181.2
"654",2013,"EA17",13421135019851.4
"655",2014,"EA17",13612521198219.6
"656",2015,"EA17",13879899928791.6
"657",2016,"EA17",14135540456607.9
"658",2017,"EA17",14522867468342.5
"659",2018,"EA17",14797156069265.7
"660",2019,"EA17",14992457426123.2
"661",2020,"EA17",13972174283251.1
"662",2021,"EA17",14575418063956.6
"663",2022,"EA17",15227218498568
"664",2023,"EA17",1.555026e+13
"665",2024,"EA17",1.577267e+13
"666",2025,"EA17",1.596692e+13
"667",2026,"EA17",1.615415e+13
"668",2027,"EA17",1.633934e+13
"669",2028,"EA17",1.652453e+13
"670",2029,"EA17",1.670863e+13
"671",2030,"EA17",1.6891e+13
"672",2031,"EA17",1.707163e+13
"673",2032,"EA17",1.725032e+13
"674",2033,"EA17",1.742735e+13
"675",2034,"EA17",1.760308e+13
"676",2035,"EA17",1.777792e+13
"677",2036,"EA17",1.795238e+13
"678",2037,"EA17",1.812649e+13
"679",2038,"EA17",1.830042e+13
"680",2039,"EA17",1.847432e+13
"681",2040,"EA17",1.864849e+13
"682",2041,"EA17",1.882341e+13
"683",2042,"EA17",1.899943e+13
"684",2043,"EA17",1.91771e+13
"685",2044,"EA17",1.935707e+13
"686",2045,"EA17",1.954008e+13
"687",2046,"EA17",1.972698e+13
"688",2047,"EA17",1.991821e+13
"689",2048,"EA17",2.011436e+13
"690",2049,"EA17",2.031604e+13
"691",2050,"EA17",2.052392e+13
"692",2051,"EA17",2.073865e+13
"693",2052,"EA17",2.096042e+13
"694",2053,"EA17",2.118941e+13
"695",2054,"EA17",2.142587e+13
"696",2055,"EA17",2.167021e+13
"697",2056,"EA17",2.192282e+13
"698",2057,"EA17",2.218362e+13
"699",2058,"EA17",2.245222e+13
"700",2059,"EA17",2.272814e+13
"701",2060,"EA17",2.301092e+13
"702",1990,"EUR",10505937385667.2
"703",1991,"EUR",10856232181491.8
"704",1992,"EUR",11026417627906.2
"705",1993,"EUR",10966432628089.6
"706",1994,"EUR",11261961612359.4
"707",1995,"EUR",11984911445618.4
"708",1996,"EUR",12220256578516.2
"709",1997,"EUR",12542529994863.5
"710",1998,"EUR",12908054311194.8
"711",1999,"EUR",13268536099680.8
"712",2000,"EUR",13805028864583.6
"713",2001,"EUR",14118622000357.4
"714",2002,"EUR",14290377153222.5
"715",2003,"EUR",14447830164801.2
"716",2004,"EUR",14815753460869.9
"717",2005,"EUR",15134976837398.8
"718",2006,"EUR",15705115897534.2
"719",2007,"EUR",16229012456941.1
"720",2008,"EUR",16354113327378.5
"721",2009,"EUR",15663348805408.8
"722",2010,"EUR",15982379923727.8
"723",2011,"EUR",16282727931186.8
"724",2012,"EUR",16178127832966.3
"725",2013,"EUR",16186207009981.6
"726",2014,"EUR",16460706521319
"727",2015,"EUR",16840866674333.6
"728",2016,"EUR",17186010094150.4
"729",2017,"EUR",17715314413184.6
"730",2018,"EUR",18118913385503.4
"731",2019,"EUR",18434033090875.3
"732",2020,"EUR",17291781248066.4
"733",2021,"EUR",18029285886748.9
"734",2022,"EUR",18832067054908.1
"735",2023,"EUR",19272131970000
"736",2024,"EUR",19592863160000
"737",2025,"EUR",19876090600000
"738",2026,"EUR",20146343300000
"739",2027,"EUR",20409921340000
"740",2028,"EUR",20669681550000
"741",2029,"EUR",20924589850000
"742",2030,"EUR",21174022280000
"743",2031,"EUR",21418008550000
"744",2032,"EUR",21656378360000
"745",2033,"EUR",21889531350000
"746",2034,"EUR",22117887590000
"747",2035,"EUR",22341975540000
"748",2036,"EUR",22562475630000
"749",2037,"EUR",22779637380000
"750",2038,"EUR",22993903470000
"751",2039,"EUR",23205687470000
"752",2040,"EUR",23415577910000
"753",2041,"EUR",23624438490000
"754",2042,"EUR",23832967940000
"755",2043,"EUR",24041970340000
"756",2044,"EUR",24252251700000
"757",2045,"EUR",24464669400000
"758",2046,"EUR",24680186710000
"759",2047,"EUR",24899392290000
"760",2048,"EUR",25123059060000
"761",2049,"EUR",25351995740000
"762",2050,"EUR",25587129260000
"763",2051,"EUR",25829484460000
"764",2052,"EUR",26079673090000
"765",2053,"EUR",26338358090000
"766",2054,"EUR",26606228870000
"767",2055,"EUR",26884078280000
"768",2056,"EUR",27172568210000
"769",2057,"EUR",27471615390000
"770",2058,"EUR",27780661220000
"771",2059,"EUR",28098810920000
"772",2060,"EUR",28425131880000
"773",1995,"G20",40031437563005.4
"774",1996,"G20",41537169378908.5
"775",1997,"G20",43218634149676.4
"776",1998,"G20",44255614761187.7
"777",1999,"G20",45842176887470
"778",2000,"G20",48035906573154.3
"779",2001,"G20",49061710927880.8
"780",2002,"G20",50331736810089.3
"781",2003,"G20",52131303624983.3
"782",2004,"G20",54582317859729.9
"783",2005,"G20",57083385349790.2
"784",2006,"G20",59923542006470.8
"785",2007,"G20",62927866337192.8
"786",2008,"G20",64586189783464.4
"787",2009,"G20",64173530580305.7
"788",2010,"G20",67664787117358
"789",2011,"G20",70561181650656
"790",2012,"G20",72992585202690.3
"791",2013,"G20",75548773509187.6
"792",2014,"G20",78247192267897.7
"793",2015,"G20",80998274896304.8
"794",2016,"G20",83658644839411
"795",2017,"G20",86848108270737.2
"796",2018,"G20",90121142052314.1
"797",2019,"G20",92737085710294.2
"798",2020,"G20",89940512532905.5
"799",2021,"G20",95638954641749
"800",2022,"G20",100145159330869
"801",2023,"G20",1.040131e+14
"802",2024,"G20",1.075659e+14
"803",2025,"G20",1.109852e+14
"804",2026,"G20",1.143436e+14
"805",2027,"G20",1.176746e+14
"806",2028,"G20",1.209951e+14
"807",2029,"G20",1.243035e+14
"808",2030,"G20",1.27596e+14
"809",2031,"G20",1.308684e+14
"810",2032,"G20",1.341171e+14
"811",2033,"G20",1.373381e+14
"812",2034,"G20",1.405261e+14
"813",2035,"G20",1.436766e+14
"814",2036,"G20",1.467865e+14
"815",2037,"G20",1.498556e+14
"816",2038,"G20",1.528853e+14
"817",2039,"G20",1.558773e+14
"818",2040,"G20",1.588339e+14
"819",2041,"G20",1.617586e+14
"820",2042,"G20",1.646548e+14
"821",2043,"G20",1.675269e+14
"822",2044,"G20",1.703783e+14
"823",2045,"G20",1.732126e+14
"824",2046,"G20",1.760347e+14
"825",2047,"G20",1.788523e+14
"826",2048,"G20",1.816742e+14
"827",2049,"G20",1.845089e+14
"828",2050,"G20",1.873632e+14
"829",2051,"G20",1.902434e+14
"830",2052,"G20",1.931533e+14
"831",2053,"G20",1.960958e+14
"832",2054,"G20",1.990715e+14
"833",2055,"G20",2.020803e+14
"834",2056,"G20",2.051235e+14
"835",2057,"G20",2.082039e+14
"836",2058,"G20",2.113245e+14
"837",2059,"G20",2.14487e+14
"838",2060,"G20",2.176924e+14
"839",1990,"G7M",22931070081696.3
"840",1991,"G7M",23208528543884.4
"841",1992,"G7M",23686823608613.6
"842",1993,"G7M",23980673944526.1
"843",1994,"G7M",24702067199703.5
"844",1995,"G7M",25325204144971.3
"845",1996,"G7M",26017475515568.3
"846",1997,"G7M",26852056710033.9
"847",1998,"G7M",27609413576335.5
"848",1999,"G7M",28472605039488
"849",2000,"G7M",29551174112703.2
"850",2001,"G7M",29931412433318.7
"851",2002,"G7M",30285182546861.9
"852",2003,"G7M",30859426736891.4
"853",2004,"G7M",31720915913649.5
"854",2005,"G7M",32545182007645.2
"855",2006,"G7M",33404036687493.8
"856",2007,"G7M",34069655828122.2
"857",2008,"G7M",33996481646683.9
"858",2009,"G7M",32743005464157.6
"859",2010,"G7M",33662654452073.3
"860",2011,"G7M",34213355400399.3
"861",2012,"G7M",34679077472329.4
"862",2013,"G7M",35177471041718
"863",2014,"G7M",35858648619676.2
"864",2015,"G7M",36647050891992.8
"865",2016,"G7M",37204676731625.7
"866",2017,"G7M",38044807382554.4
"867",2018,"G7M",38842246424758.7
"868",2019,"G7M",39412498651131.3
"869",2020,"G7M",37420811136283.9
"870",2021,"G7M",39550117396184.8
"871",2022,"G7M",41000735353724.5
"872",2023,"G7M",4.176113e+13
"873",2024,"G7M",4.233623e+13
"874",2025,"G7M",4.287714e+13
"875",2026,"G7M",4.342366e+13
"876",2027,"G7M",4.398281e+13
"877",2028,"G7M",4.455264e+13
"878",2029,"G7M",4.512722e+13
"879",2030,"G7M",4.570247e+13
"880",2031,"G7M",4.627642e+13
"881",2032,"G7M",4.684799e+13
"882",2033,"G7M",4.741752e+13
"883",2034,"G7M",4.798566e+13
"884",2035,"G7M",4.855332e+13
"885",2036,"G7M",4.912173e+13
"886",2037,"G7M",4.969217e+13
"887",2038,"G7M",5.026577e+13
"888",2039,"G7M",5.084336e+13
"889",2040,"G7M",5.142567e+13
"890",2041,"G7M",5.20135e+13
"891",2042,"G7M",5.260751e+13
"892",2043,"G7M",5.320788e+13
"893",2044,"G7M",5.381426e+13
"894",2045,"G7M",5.442628e+13
"895",2046,"G7M",5.504416e+13
"896",2047,"G7M",5.566876e+13
"897",2048,"G7M",5.630077e+13
"898",2049,"G7M",5.69409e+13
"899",2050,"G7M",5.759002e+13
"900",2051,"G7M",5.82492e+13
"901",2052,"G7M",5.891859e+13
"902",2053,"G7M",5.959824e+13
"903",2054,"G7M",6.028799e+13
"904",2055,"G7M",6.098798e+13
"905",2056,"G7M",6.169897e+13
"906",2057,"G7M",6.242195e+13
"907",2058,"G7M",6.315744e+13
"908",2059,"G7M",6.390583e+13
"909",2060,"G7M",6.466772e+13
"910",1990,"GBR",1655620830969.61
"911",1991,"GBR",1637357659629.21
"912",1992,"GBR",1643924101719.52
"913",1993,"GBR",1684866044451.13
"914",1994,"GBR",1749666602567.87
"915",1995,"GBR",1793958217328.2
"916",1996,"GBR",1838655318702.53
"917",1997,"GBR",1930135268649.65
"918",1998,"GBR",2001700265664.87
"919",1999,"GBR",2067658969495.19
"920",2000,"GBR",2140156992565.38
"921",2001,"GBR",2198589105399.99
"922",2002,"GBR",2246492127695.73
"923",2003,"GBR",2321117938382.55
"924",2004,"GBR",2374185151401.12
"925",2005,"GBR",2444358746189.03
"926",2006,"GBR",2510204890190.04
"927",2007,"GBR",2569458825392.83
"928",2008,"GBR",2562297036735.47
"929",2009,"GBR",2456885434662.43
"930",2010,"GBR",2507842489917.16
"931",2011,"GBR",2539835248147.74
"932",2012,"GBR",2576163594020.36
"933",2013,"GBR",2632482836806.08
"934",2014,"GBR",2707843676739.69
"935",2015,"GBR",2771831905485.9
"936",2016,"GBR",2819573546821.56
"937",2017,"GBR",2868642851686.01
"938",2018,"GBR",2904575203942.28
"939",2019,"GBR",2946234546067.89
"940",2020,"GBR",2656128537815.3
"941",2021,"GBR",2848040890525.92
"942",2022,"GBR",3005308580463.65
"943",2023,"GBR",3.075237e+12
"944",2024,"GBR",3.121279e+12
"945",2025,"GBR",3.162138e+12
"946",2026,"GBR",3.202893e+12
"947",2027,"GBR",3.244768e+12
"948",2028,"GBR",3.287691e+12
"949",2029,"GBR",3.33114e+12
"950",2030,"GBR",3.374652e+12
"951",2031,"GBR",3.417955e+12
"952",2032,"GBR",3.460916e+12
"953",2033,"GBR",3.503551e+12
"954",2034,"GBR",3.545934e+12
"955",2035,"GBR",3.588162e+12
"956",2036,"GBR",3.630335e+12
"957",2037,"GBR",3.672596e+12
"958",2038,"GBR",3.715014e+12
"959",2039,"GBR",3.757626e+12
"960",2040,"GBR",3.800457e+12
"961",2041,"GBR",3.843554e+12
"962",2042,"GBR",3.886992e+12
"963",2043,"GBR",3.930816e+12
"964",2044,"GBR",3.97504e+12
"965",2045,"GBR",4.019669e+12
"966",2046,"GBR",4.064725e+12
"967",2047,"GBR",4.11019e+12
"968",2048,"GBR",4.156066e+12
"969",2049,"GBR",4.20237e+12
"970",2050,"GBR",4.249172e+12
"971",2051,"GBR",4.296597e+12
"972",2052,"GBR",4.34471e+12
"973",2053,"GBR",4.393623e+12
"974",2054,"GBR",4.443458e+12
"975",2055,"GBR",4.494356e+12
"976",2056,"GBR",4.546474e+12
"977",2057,"GBR",4.599875e+12
"978",2058,"GBR",4.6546e+12
"979",2059,"GBR",4.710636e+12
"980",2060,"GBR",4.767945e+12
"981",1990,"IDN",801782693179.731
"982",1991,"IDN",873363651809.185
"983",1992,"IDN",930342926928.107
"984",1993,"IDN",1004355773652.66
"985",1994,"IDN",1080083885718.69
"986",1995,"IDN",1168868358791.22
"987",1996,"IDN",1260250398997.53
"988",1997,"IDN",1319480959877.13
"989",1998,"IDN",1146276011792.75
"990",1999,"IDN",1155344807260.24
"991",2000,"IDN",1212188249932.02
"992",2001,"IDN",1256353922098.56
"993",2002,"IDN",1312883257736.6
"994",2003,"IDN",1375643923593.09
"995",2004,"IDN",1444850835408.57
"996",2005,"IDN",1527099999268.85
"997",2006,"IDN",1611105033945.26
"998",2007,"IDN",1713330006824.89
"999",2008,"IDN",1816364576323.67
"1000",2009,"IDN",1901765834128.12
"1001",2010,"IDN",2023053340446.52
"1002",2011,"IDN",2147871365958.94
"1003",2012,"IDN",2277389097288.75
"1004",2013,"IDN",2403949614647.58
"1005",2014,"IDN",2524307400975.2
"1006",2015,"IDN",2647400765695.09
"1007",2016,"IDN",2780646277778.54
"1008",2017,"IDN",2921619090735.75
"1009",2018,"IDN",3072792180165.57
"1010",2019,"IDN",3226989799478.86
"1011",2020,"IDN",3160205841868.28
"1012",2021,"IDN",3310046156996.58
"1013",2022,"IDN",3480276954473.47
"1014",2023,"IDN",3.737179e+12
"1015",2024,"IDN",3.993958e+12
"1016",2025,"IDN",4.233448e+12
"1017",2026,"IDN",4.458111e+12
"1018",2027,"IDN",4.674147e+12
"1019",2028,"IDN",4.886496e+12
"1020",2029,"IDN",5.097727e+12
"1021",2030,"IDN",5.309205e+12
"1022",2031,"IDN",5.521658e+12
"1023",2032,"IDN",5.735561e+12
"1024",2033,"IDN",5.951116e+12
"1025",2034,"IDN",6.168401e+12
"1026",2035,"IDN",6.387423e+12
"1027",2036,"IDN",6.608069e+12
"1028",2037,"IDN",6.830311e+12
"1029",2038,"IDN",7.054244e+12
"1030",2039,"IDN",7.279759e+12
"1031",2040,"IDN",7.506742e+12
"1032",2041,"IDN",7.735161e+12
"1033",2042,"IDN",7.964976e+12
"1034",2043,"IDN",8.196275e+12
"1035",2044,"IDN",8.429064e+12
"1036",2045,"IDN",8.663025e+12
"1037",2046,"IDN",8.89784e+12
"1038",2047,"IDN",9.133414e+12
"1039",2048,"IDN",9.369851e+12
"1040",2049,"IDN",9.607234e+12
"1041",2050,"IDN",9.845591e+12
"1042",2051,"IDN",1.008497e+13
"1043",2052,"IDN",1.032557e+13
"1044",2053,"IDN",1.056762e+13
"1045",2054,"IDN",1.081121e+13
"1046",2055,"IDN",1.105636e+13
"1047",2056,"IDN",1.13032e+13
"1048",2057,"IDN",1.155227e+13
"1049",2058,"IDN",1.180431e+13
"1050",2059,"IDN",1.206003e+13
"1051",2060,"IDN",1.231985e+13
"1052",1990,"IND",1569648772912.61
"1053",1991,"IND",1656504122981.37
"1054",1992,"IND",1674011043670.87
"1055",1993,"IND",1765785969849.95
"1056",1994,"IND",1849674875654.82
"1057",1995,"IND",1972843556763.24
"1058",1996,"IND",2133542913919.73
"1059",1997,"IND",2230187080610.09
"1060",1998,"IND",2359045895577.11
"1061",1999,"IND",2545857328703.76
"1062",2000,"IND",2691113663498.44
"1063",2001,"IND",2793105168883.5
"1064",2002,"IND",2920580606192.28
"1065",2003,"IND",3117601672495.96
"1066",2004,"IND",3361676697058.32
"1067",2005,"IND",3630663817211.91
"1068",2006,"IND",3924331799369.71
"1069",2007,"IND",4235580203457.9
"1070",2008,"IND",4434530261715.28
"1071",2009,"IND",4659964760847.84
"1072",2010,"IND",5103273429329.85
"1073",2011,"IND",5402885675565.07
"1074",2012,"IND",5694939067462.23
"1075",2013,"IND",6042373454535.68
"1076",2014,"IND",6472117843743.7
"1077",2015,"IND",6962913913219.43
"1078",2016,"IND",7589675448070.43
"1079",2017,"IND",8067479562307.16
"1080",2018,"IND",8652072945847.7
"1081",2019,"IND",9058299481268.76
"1082",2020,"IND",8415911843257.74
"1083",2021,"IND",9091495024682.21
"1084",2022,"IND",9957662727052.13
"1085",2023,"IND",1.081524e+13
"1086",2024,"IND",1.163576e+13
"1087",2025,"IND",1.245062e+13
"1088",2026,"IND",1.326954e+13
"1089",2027,"IND",1.409352e+13
"1090",2028,"IND",1.492352e+13
"1091",2029,"IND",1.576018e+13
"1092",2030,"IND",1.660291e+13
"1093",2031,"IND",1.745059e+13
"1094",2032,"IND",1.830173e+13
"1095",2033,"IND",1.915504e+13
"1096",2034,"IND",2.000902e+13
"1097",2035,"IND",2.086209e+13
"1098",2036,"IND",2.171283e+13
"1099",2037,"IND",2.256055e+13
"1100",2038,"IND",2.34049e+13
"1101",2039,"IND",2.424572e+13
"1102",2040,"IND",2.508299e+13
"1103",2041,"IND",2.591695e+13
"1104",2042,"IND",2.674803e+13
"1105",2043,"IND",2.757682e+13
"1106",2044,"IND",2.840363e+13
"1107",2045,"IND",2.922865e+13
"1108",2046,"IND",3.005237e+13
"1109",2047,"IND",3.087603e+13
"1110",2048,"IND",3.17014e+13
"1111",2049,"IND",3.253004e+13
"1112",2050,"IND",3.336321e+13
"1113",2051,"IND",3.420214e+13
"1114",2052,"IND",3.504831e+13
"1115",2053,"IND",3.59036e+13
"1116",2054,"IND",3.676926e+13
"1117",2055,"IND",3.764561e+13
"1118",2056,"IND",3.853272e+13
"1119",2057,"IND",3.943112e+13
"1120",2058,"IND",4.034179e+13
"1121",2059,"IND",4.126573e+13
"1122",2060,"IND",4.220387e+13
"1123",1990,"ISL",8388756091.06376
"1124",1991,"ISL",8370005081.14937
"1125",1992,"ISL",8087609969.90951
"1126",1993,"ISL",8193836639.8459
"1127",1994,"ISL",8489540563.5658
"1128",1995,"ISL",8499437984.59286
"1129",1996,"ISL",8887617818.12122
"1130",1997,"ISL",9400569031.28728
"1131",1998,"ISL",10092713215.3418
"1132",1999,"ISL",10499946476.1223
"1133",2000,"ISL",11023373297.9022
"1134",2001,"ISL",11465796117.4653
"1135",2002,"ISL",11529949433.7195
"1136",2003,"ISL",11777000321.4405
"1137",2004,"ISL",12695888931.9747
"1138",2005,"ISL",13473440906.5023
"1139",2006,"ISL",14324557232.6001
"1140",2007,"ISL",15535678508.7788
"1141",2008,"ISL",15878938765.16
"1142",2009,"ISL",14662007143.121
"1143",2010,"ISL",14246665480.7457
"1144",2011,"ISL",14509627465.7598
"1145",2012,"ISL",14663957169.3786
"1146",2013,"ISL",15331528000.3144
"1147",2014,"ISL",15590203843.6724
"1148",2015,"ISL",16281888762.8456
"1149",2016,"ISL",17308248088.4711
"1150",2017,"ISL",18034320235.7225
"1151",2018,"ISL",18884604858.2884
"1152",2019,"ISL",19369752538.3766
"1153",2020,"ISL",18081837274.0657
"1154",2021,"ISL",18595619971.3011
"1155",2022,"ISL",19471164531.7924
"1156",2023,"ISL",20155740000
"1157",2024,"ISL",20718900000
"1158",2025,"ISL",21193610000
"1159",2026,"ISL",21616730000
"1160",2027,"ISL",22016010000
"1161",2028,"ISL",22407430000
"1162",2029,"ISL",22795220000
"1163",2030,"ISL",23180800000
"1164",2031,"ISL",23564630000
"1165",2032,"ISL",23946500000
"1166",2033,"ISL",2.4327e+10
"1167",2034,"ISL",24707510000
"1168",2035,"ISL",25089710000
"1169",2036,"ISL",25475010000
"1170",2037,"ISL",25863960000
"1171",2038,"ISL",26256420000
"1172",2039,"ISL",26651990000
"1173",2040,"ISL",27050300000
"1174",2041,"ISL",27451040000
"1175",2042,"ISL",27853600000
"1176",2043,"ISL",28257220000
"1177",2044,"ISL",28661320000
"1178",2045,"ISL",29065760000
"1179",2046,"ISL",29470660000
"1180",2047,"ISL",29875880000
"1181",2048,"ISL",30281170000
"1182",2049,"ISL",30686480000
"1183",2050,"ISL",31092060000
"1184",2051,"ISL",31498310000
"1185",2052,"ISL",31904760000
"1186",2053,"ISL",32310940000
"1187",2054,"ISL",32716470000
"1188",2055,"ISL",33121380000
"1189",2056,"ISL",33526320000
"1190",2057,"ISL",33931570000
"1191",2058,"ISL",34337960000
"1192",2059,"ISL",34746680000
"1193",2060,"ISL",35159340000
"1194",1990,"ISR",103822083483.71
"1195",1991,"ISR",111843497207.591
"1196",1992,"ISR",120521731790.578
"1197",1993,"ISR",125483317886.683
"1198",1994,"ISR",134804024562.216
"1199",1995,"ISR",143705032982.743
"1200",1996,"ISR",152331738092.045
"1201",1997,"ISR",158282145364.152
"1202",1998,"ISR",164882473643.348
"1203",1999,"ISR",170818820039.04
"1204",2000,"ISR",186213595616.66
"1205",2001,"ISR",185904299964.457
"1206",2002,"ISR",185632877233.655
"1207",2003,"ISR",187729640199.119
"1208",2004,"ISR",196650611684.983
"1209",2005,"ISR",204566759291.356
"1210",2006,"ISR",215999157525.12
"1211",2007,"ISR",229110748877.774
"1212",2008,"ISR",236706089725.202
"1213",2009,"ISR",238566592917.972
"1214",2010,"ISR",251230858446.564
"1215",2011,"ISR",263353000811.952
"1216",2012,"ISR",268077714283.321
"1217",2013,"ISR",279525357388.973
"1218",2014,"ISR",291188920596.141
"1219",2015,"ISR",297280096927.957
"1220",2016,"ISR",308655369979.534
"1221",2017,"ISR",319675275760.312
"1222",2018,"ISR",331140406244.646
"1223",2019,"ISR",342414086597.788
"1224",2020,"ISR",333743214125.031
"1225",2021,"ISR",350287344360.466
"1226",2022,"ISR",366216686072.749
"1227",2023,"ISR",377309100000
"1228",2024,"ISR",387461300000
"1229",2025,"ISR",398055300000
"1230",2026,"ISR",409246800000
"1231",2027,"ISR",420900100000
"1232",2028,"ISR",4.32921e+11
"1233",2029,"ISR",445274700000
"1234",2030,"ISR",4.57934e+11
"1235",2031,"ISR",470880900000
"1236",2032,"ISR",484110300000
"1237",2033,"ISR",497607300000
"1238",2034,"ISR",511355300000
"1239",2035,"ISR",525342100000
"1240",2036,"ISR",5.39563e+11
"1241",2037,"ISR",554012900000
"1242",2038,"ISR",568693100000
"1243",2039,"ISR",583608200000
"1244",2040,"ISR",598767400000
"1245",2041,"ISR",614185400000
"1246",2042,"ISR",629872600000
"1247",2043,"ISR",645843800000
"1248",2044,"ISR",662114100000
"1249",2045,"ISR",678701900000
"1250",2046,"ISR",695632800000
"1251",2047,"ISR",7.12931e+11
"1252",2048,"ISR",730626700000
"1253",2049,"ISR",748751600000
"1254",2050,"ISR",767340500000
"1255",2051,"ISR",7.8643e+11
"1256",2052,"ISR",8.06042e+11
"1257",2053,"ISR",826200500000
"1258",2054,"ISR",846931100000
"1259",2055,"ISR",868262700000
"1260",2056,"ISR",890223200000
"1261",2057,"ISR",912831600000
"1262",2058,"ISR",936090600000
"1263",2059,"ISR",960002400000
"1264",2060,"ISR",984575800000
"1265",1990,"JPN",4099858623690.63
"1266",1991,"JPN",4236151895628.22
"1267",1992,"JPN",4270846328082.36
"1268",1993,"JPN",4278152155530.31
"1269",1994,"JPN",4315098271130.42
"1270",1995,"JPN",4428627523710.67
"1271",1996,"JPN",4567415993716.52
"1272",1997,"JPN",4612232791762.65
"1273",1998,"JPN",4553642192126.23
"1274",1999,"JPN",4538435250301.7
"1275",2000,"JPN",4663907982419.91
"1276",2001,"JPN",4681916457311.87
"1277",2002,"JPN",4683879173303.58
"1278",2003,"JPN",4755784544448.54
"1279",2004,"JPN",4859750509262.17
"1280",2005,"JPN",4947415591088
"1281",2006,"JPN",5015311455266.13
"1282",2007,"JPN",5089737143154.76
"1283",2008,"JPN",5027424051150
"1284",2009,"JPN",4741200917156.09
"1285",2010,"JPN",4935491439132.44
"1286",2011,"JPN",4936666556141.76
"1287",2012,"JPN",5004532462567.18
"1288",2013,"JPN",5104879337578.28
"1289",2014,"JPN",5119999305282.04
"1290",2015,"JPN",5199905329157.38
"1291",2016,"JPN",5239103599002.72
"1292",2017,"JPN",5326874982531.7
"1293",2018,"JPN",5356644291308.03
"1294",2019,"JPN",5357356512719.1
"1295",2020,"JPN",5104892042792.7
"1296",2021,"JPN",5239313287475.56
"1297",2022,"JPN",5345936840533.81
"1298",2023,"JPN",5.405077e+12
"1299",2024,"JPN",5.445553e+12
"1300",2025,"JPN",5.477318e+12
"1301",2026,"JPN",5.506395e+12
"1302",2027,"JPN",5.536111e+12
"1303",2028,"JPN",5.567248e+12
"1304",2029,"JPN",5.599273e+12
"1305",2030,"JPN",5.631733e+12
"1306",2031,"JPN",5.664277e+12
"1307",2032,"JPN",5.696523e+12
"1308",2033,"JPN",5.727996e+12
"1309",2034,"JPN",5.758291e+12
"1310",2035,"JPN",5.787177e+12
"1311",2036,"JPN",5.8146e+12
"1312",2037,"JPN",5.840327e+12
"1313",2038,"JPN",5.864345e+12
"1314",2039,"JPN",5.886727e+12
"1315",2040,"JPN",5.907647e+12
"1316",2041,"JPN",5.927313e+12
"1317",2042,"JPN",5.94573e+12
"1318",2043,"JPN",5.962831e+12
"1319",2044,"JPN",5.978519e+12
"1320",2045,"JPN",5.99286e+12
"1321",2046,"JPN",6.006202e+12
"1322",2047,"JPN",6.018798e+12
"1323",2048,"JPN",6.031337e+12
"1324",2049,"JPN",6.04471e+12
"1325",2050,"JPN",6.0599e+12
"1326",2051,"JPN",6.077718e+12
"1327",2052,"JPN",6.098274e+12
"1328",2053,"JPN",6.12141e+12
"1329",2054,"JPN",6.146851e+12
"1330",2055,"JPN",6.174422e+12
"1331",2056,"JPN",6.204026e+12
"1332",2057,"JPN",6.235204e+12
"1333",2058,"JPN",6.267453e+12
"1334",2059,"JPN",6.300303e+12
"1335",2060,"JPN",6.333415e+12
"1336",1990,"KOR",529623483803.886
"1337",1991,"KOR",586706716769.172
"1338",1992,"KOR",623074446567.185
"1339",1993,"KOR",665926347051.972
"1340",1994,"KOR",727648710786.844
"1341",1995,"KOR",797608971918.22
"1342",1996,"KOR",860545929593.898
"1343",1997,"KOR",913646367334.374
"1344",1998,"KOR",866781350508.637
"1345",1999,"KOR",966174668937.203
"1346",2000,"KOR",1053718145318.8
"1347",2001,"KOR",1104848760087.2
"1348",2002,"KOR",1190199786532.44
"1349",2003,"KOR",1227658959891.85
"1350",2004,"KOR",1291465317263.04
"1351",2005,"KOR",1347108413831.3
"1352",2006,"KOR",1418024723078.54
"1353",2007,"KOR",1500263636810.93
"1354",2008,"KOR",1545466473373.75
"1355",2009,"KOR",1557717370491.52
"1356",2010,"KOR",1663717310268.2
"1357",2011,"KOR",1725036403158.4
"1358",2012,"KOR",1766480937375.53
"1359",2013,"KOR",1822385028781.96
"1360",2014,"KOR",1880745830313.88
"1361",2015,"KOR",1933577926176.51
"1362",2016,"KOR",1990558300586.27
"1363",2017,"KOR",2053452808699.35
"1364",2018,"KOR",2113154736522.13
"1365",2019,"KOR",2156249439175.4
"1366",2020,"KOR",2136698150248.27
"1367",2021,"KOR",2218625001380.37
"1368",2022,"KOR",2281506065120.33
"1369",2023,"KOR",2.349122e+12
"1370",2024,"KOR",2.41171e+12
"1371",2025,"KOR",2.467435e+12
"1372",2026,"KOR",2.517095e+12
"1373",2027,"KOR",2.561915e+12
"1374",2028,"KOR",2.603098e+12
"1375",2029,"KOR",2.64088e+12
"1376",2030,"KOR",2.675388e+12
"1377",2031,"KOR",2.706738e+12
"1378",2032,"KOR",2.734977e+12
"1379",2033,"KOR",2.760248e+12
"1380",2034,"KOR",2.782706e+12
"1381",2035,"KOR",2.802504e+12
"1382",2036,"KOR",2.819806e+12
"1383",2037,"KOR",2.834723e+12
"1384",2038,"KOR",2.847348e+12
"1385",2039,"KOR",2.857763e+12
"1386",2040,"KOR",2.866099e+12
"1387",2041,"KOR",2.872548e+12
"1388",2042,"KOR",2.877185e+12
"1389",2043,"KOR",2.880217e+12
"1390",2044,"KOR",2.881917e+12
"1391",2045,"KOR",2.88261e+12
"1392",2046,"KOR",2.88262e+12
"1393",2047,"KOR",2.882168e+12
"1394",2048,"KOR",2.881451e+12
"1395",2049,"KOR",2.880641e+12
"1396",2050,"KOR",2.879909e+12
"1397",2051,"KOR",2.879399e+12
"1398",2052,"KOR",2.879103e+12
"1399",2053,"KOR",2.878902e+12
"1400",2054,"KOR",2.878608e+12
"1401",2055,"KOR",2.878089e+12
"1402",2056,"KOR",2.877322e+12
"1403",2057,"KOR",2.876209e+12
"1404",2058,"KOR",2.874752e+12
"1405",2059,"KOR",2.872951e+12
"1406",2060,"KOR",2.870786e+12
"1407",1990,"MEX",1191563804885.14
"1408",1991,"MEX",1241533229984.46
"1409",1992,"MEX",1285847822936.97
"1410",1993,"MEX",1310915339678.06
"1411",1994,"MEX",1375688724456.25
"1412",1995,"MEX",1289140970989.78
"1413",1996,"MEX",1376457823899.8
"1414",1997,"MEX",1470701857982.05
"1415",1998,"MEX",1546647801433.06
"1416",1999,"MEX",1589235587594.98
"1417",2000,"MEX",1667782820603.42
"1418",2001,"MEX",1661038471799.09
"1419",2002,"MEX",1660376639568.53
"1420",2003,"MEX",1684392040026.35
"1421",2004,"MEX",1750430159420.31
"1422",2005,"MEX",1790826710257.39
"1423",2006,"MEX",1871325765898.33
"1424",2007,"MEX",1914206180218
"1425",2008,"MEX",1936096746607.05
"1426",2009,"MEX",1833759626268.86
"1427",2010,"MEX",1927613610800.59
"1428",2011,"MEX",1998222249884.88
"1429",2012,"MEX",2071003952082.22
"1430",2013,"MEX",2099047250508.67
"1431",2014,"MEX",2158865337783.13
"1432",2015,"MEX",2229960044120.44
"1433",2016,"MEX",2288619866396.87
"1434",2017,"MEX",2336981359204.88
"1435",2018,"MEX",2388277914553.17
"1436",2019,"MEX",2386975636219.41
"1437",2020,"MEX",2190301416552.97
"1438",2021,"MEX",2299481040467.11
"1439",2022,"MEX",2372532895580.18
"1440",2023,"MEX",2.485282e+12
"1441",2024,"MEX",2.592371e+12
"1442",2025,"MEX",2.68738e+12
"1443",2026,"MEX",2.77247e+12
"1444",2027,"MEX",2.850996e+12
"1445",2028,"MEX",2.926182e+12
"1446",2029,"MEX",2.999927e+12
"1447",2030,"MEX",3.073297e+12
"1448",2031,"MEX",3.146855e+12
"1449",2032,"MEX",3.220864e+12
"1450",2033,"MEX",3.295445e+12
"1451",2034,"MEX",3.370625e+12
"1452",2035,"MEX",3.446378e+12
"1453",2036,"MEX",3.522672e+12
"1454",2037,"MEX",3.59945e+12
"1455",2038,"MEX",3.676677e+12
"1456",2039,"MEX",3.754303e+12
"1457",2040,"MEX",3.832268e+12
"1458",2041,"MEX",3.910525e+12
"1459",2042,"MEX",3.98902e+12
"1460",2043,"MEX",4.067706e+12
"1461",2044,"MEX",4.146524e+12
"1462",2045,"MEX",4.225422e+12
"1463",2046,"MEX",4.30437e+12
"1464",2047,"MEX",4.383344e+12
"1465",2048,"MEX",4.462341e+12
"1466",2049,"MEX",4.541342e+12
"1467",2050,"MEX",4.620325e+12
"1468",2051,"MEX",4.699274e+12
"1469",2052,"MEX",4.778128e+12
"1470",2053,"MEX",4.856853e+12
"1471",2054,"MEX",4.935403e+12
"1472",2055,"MEX",5.013762e+12
"1473",2056,"MEX",5.091976e+12
"1474",2057,"MEX",5.17014e+12
"1475",2058,"MEX",5.248448e+12
"1476",2059,"MEX",5.327178e+12
"1477",2060,"MEX",5.406676e+12
"1478",1990,"NOR",171295756646.159
"1479",1991,"NOR",176579783149.101
"1480",1992,"NOR",182891359104.393
"1481",1993,"NOR",188095194718.966
"1482",1994,"NOR",197604174957.765
"1483",1995,"NOR",205815721926.805
"1484",1996,"NOR",216163941290.436
"1485",1997,"NOR",227587455945.698
"1486",1998,"NOR",233560294527.705
"1487",1999,"NOR",238261508401.727
"1488",2000,"NOR",245897616616.64
"1489",2001,"NOR",250999508412.205
"1490",2002,"NOR",254629666972.603
"1491",2003,"NOR",256947091473.047
"1492",2004,"NOR",267146358565.868
"1493",2005,"NOR",274160203921.72
"1494",2006,"NOR",280739543705.418
"1495",2007,"NOR",289145576622.113
"1496",2008,"NOR",290522924259.936
"1497",2009,"NOR",285505555504.18
"1498",2010,"NOR",287509313805.634
"1499",2011,"NOR",290331111341.893
"1500",2012,"NOR",298178941936.788
"1501",2013,"NOR",301262419854.749
"1502",2014,"NOR",307195900380.05
"1503",2015,"NOR",313238790772.586
"1504",2016,"NOR",316595286404.743
"1505",2017,"NOR",323950634336.928
"1506",2018,"NOR",327575170317.796
"1507",2019,"NOR",330365628886.186
"1508",2020,"NOR",327835468097.974
"1509",2021,"NOR",338989498195.427
"1510",2022,"NOR",351598480590.055
"1511",2023,"NOR",3.56989e+11
"1512",2024,"NOR",361166500000
"1513",2025,"NOR",365693500000
"1514",2026,"NOR",370810600000
"1515",2027,"NOR",376359600000
"1516",2028,"NOR",3.82178e+11
"1517",2029,"NOR",388150900000
"1518",2030,"NOR",3.94207e+11
"1519",2031,"NOR",400305300000
"1520",2032,"NOR",4.06414e+11
"1521",2033,"NOR",412525100000
"1522",2034,"NOR",418644400000
"1523",2035,"NOR",424788600000
"1524",2036,"NOR",430978800000
"1525",2037,"NOR",437236500000
"1526",2038,"NOR",443575600000
"1527",2039,"NOR",450012500000
"1528",2040,"NOR",456566600000
"1529",2041,"NOR",463257400000
"1530",2042,"NOR",470094900000
"1531",2043,"NOR",477079700000
"1532",2044,"NOR",484209500000
"1533",2045,"NOR",491484800000
"1534",2046,"NOR",498907800000
"1535",2047,"NOR",506471700000
"1536",2048,"NOR",514168800000
"1537",2049,"NOR",521990300000
"1538",2050,"NOR",529929200000
"1539",2051,"NOR",537980800000
"1540",2052,"NOR",546147800000
"1541",2053,"NOR",554424400000
"1542",2054,"NOR",562805900000
"1543",2055,"NOR",571294800000
"1544",2056,"NOR",579900800000
"1545",2057,"NOR",588634100000
"1546",2058,"NOR",597512700000
"1547",2059,"NOR",606553600000
"1548",2060,"NOR",615774200000
"1549",1990,"NZL",83745699399.9914
"1550",1991,"NZL",81944951859.5196
"1551",1992,"NZL",82625418672.0481
"1552",1993,"NZL",86705201956.0329
"1553",1994,"NZL",92506521011.847
"1554",1995,"NZL",96532742052.2736
"1555",1996,"NZL",100126693155.251
"1556",1997,"NZL",103108827645.191
"1557",1998,"NZL",103902454127.209
"1558",1999,"NZL",108554825338.809
"1559",2000,"NZL",112962017266.516
"1560",2001,"NZL",115466617951.21
"1561",2002,"NZL",121374307096.345
"1562",2003,"NZL",126950061210.977
"1563",2004,"NZL",132568816000.015
"1564",2005,"NZL",135978694040.624
"1565",2006,"NZL",139651102514.447
"1566",2007,"NZL",145086538638.913
"1567",2008,"NZL",144398527848.419
"1568",2009,"NZL",145069187489.592
"1569",2010,"NZL",147911758387.161
"1570",2011,"NZL",150641169615.241
"1571",2012,"NZL",154636460346.007
"1572",2013,"NZL",158142146906.783
"1573",2014,"NZL",163335421338.542
"1574",2015,"NZL",170221564425.859
"1575",2016,"NZL",177321956487.41
"1576",2017,"NZL",184427629333.537
"1577",2018,"NZL",192415193203.882
"1578",2019,"NZL",198181055563.257
"1579",2020,"NZL",195915598980.083
"1580",2021,"NZL",202781109451.758
"1581",2022,"NZL",210442463611.356
"1582",2023,"NZL",2.1629e+11
"1583",2024,"NZL",221504600000
"1584",2025,"NZL",226417200000
"1585",2026,"NZL",231152700000
"1586",2027,"NZL",235812500000
"1587",2028,"NZL",240457400000
"1588",2029,"NZL",245092500000
"1589",2030,"NZL",249718100000
"1590",2031,"NZL",254335800000
"1591",2032,"NZL",2.58943e+11
"1592",2033,"NZL",263542200000
"1593",2034,"NZL",268139500000
"1594",2035,"NZL",272745900000
"1595",2036,"NZL",277375300000
"1596",2037,"NZL",282033900000
"1597",2038,"NZL",286734700000
"1598",2039,"NZL",291492200000
"1599",2040,"NZL",296321200000
"1600",2041,"NZL",301234200000
"1601",2042,"NZL",306234500000
"1602",2043,"NZL",311318100000
"1603",2044,"NZL",316478200000
"1604",2045,"NZL",321709900000
"1605",2046,"NZL",327012600000
"1606",2047,"NZL",332379700000
"1607",2048,"NZL",3.37808e+11
"1608",2049,"NZL",3.43297e+11
"1609",2050,"NZL",348849800000
"1610",2051,"NZL",354469800000
"1611",2052,"NZL",360146700000
"1612",2053,"NZL",365868600000
"1613",2054,"NZL",371624300000
"1614",2055,"NZL",377409100000
"1615",2056,"NZL",383226500000
"1616",2057,"NZL",389081100000
"1617",2058,"NZL",394982200000
"1618",2059,"NZL",4.00946e+11
"1619",2060,"NZL",406996200000
"1620",1995,"OECD",34801234621475.5
"1621",1996,"OECD",35914432713061.8
"1622",1997,"OECD",37246380311644.9
"1623",1998,"OECD",38335659966447
"1624",1999,"OECD",39553453087616.3
"1625",2000,"OECD",41199207718150.3
"1626",2001,"OECD",41769435581521
"1627",2002,"OECD",42449191661358.9
"1628",2003,"OECD",43344163503017
"1629",2004,"OECD",44762985307712
"1630",2005,"OECD",46079852504670.9
"1631",2006,"OECD",47581691798691.5
"1632",2007,"OECD",48861962941146.8
"1633",2008,"OECD",49019480704801.4
"1634",2009,"OECD",47354124786014.6
"1635",2010,"OECD",48794809491241.2
"1636",2011,"OECD",49821551574454.6
"1637",2012,"OECD",50509224558250
"1638",2013,"OECD",51328036675439.3
"1639",2014,"OECD",52462813561140.2
"1640",2015,"OECD",53847531223636.2
"1641",2016,"OECD",54852753694766.3
"1642",2017,"OECD",56312518984080.1
"1643",2018,"OECD",57651737260461.1
"1644",2019,"OECD",58578210934358.8
"1645",2020,"OECD",55814000968408.7
"1646",2021,"OECD",58786462594862
"1647",2022,"OECD",60981293498717.6
"1648",2023,"OECD",6.241678e+13
"1649",2024,"OECD",6.360798e+13
"1650",2025,"OECD",6.472347e+13
"1651",2026,"OECD",6.581218e+13
"1652",2027,"OECD",6.688809e+13
"1653",2028,"OECD",6.795858e+13
"1654",2029,"OECD",6.902172e+13
"1655",2030,"OECD",7.00757e+13
"1656",2031,"OECD",7.111995e+13
"1657",2032,"OECD",7.215379e+13
"1658",2033,"OECD",7.317782e+13
"1659",2034,"OECD",7.419272e+13
"1660",2035,"OECD",7.519957e+13
"1661",2036,"OECD",7.620011e+13
"1662",2037,"OECD",7.71961e+13
"1663",2038,"OECD",7.818936e+13
"1664",2039,"OECD",7.918151e+13
"1665",2040,"OECD",8.017419e+13
"1666",2041,"OECD",8.116934e+13
"1667",2042,"OECD",8.216831e+13
"1668",2043,"OECD",8.317211e+13
"1669",2044,"OECD",8.418109e+13
"1670",2045,"OECD",8.519568e+13
"1671",2046,"OECD",8.621693e+13
"1672",2047,"OECD",8.724618e+13
"1673",2048,"OECD",8.828472e+13
"1674",2049,"OECD",8.933393e+13
"1675",2050,"OECD",9.039549e+13
"1676",2051,"OECD",9.147145e+13
"1677",2052,"OECD",9.256253e+13
"1678",2053,"OECD",9.366943e+13
"1679",2054,"OECD",9.479256e+13
"1680",2055,"OECD",9.593289e+13
"1681",2056,"OECD",9.709217e+13
"1682",2057,"OECD",9.827169e+13
"1683",2058,"OECD",9.947234e+13
"1684",2059,"OECD",1.006948e+14
"1685",2060,"OECD",1.019401e+14
"1686",1995,"RUS",1847259646463.74
"1687",1996,"RUS",1781658263385.3
"1688",1997,"RUS",1804152127119.24
"1689",1998,"RUS",1711812818981.97
"1690",1999,"RUS",1814122738699.93
"1691",2000,"RUS",1996810798047.79
"1692",2001,"RUS",2098035234949.47
"1693",2002,"RUS",2197471629044.89
"1694",2003,"RUS",2357520000230.54
"1695",2004,"RUS",2523196519768.12
"1696",2005,"RUS",2687754564984.4
"1697",2006,"RUS",2903958395756.12
"1698",2007,"RUS",3164162355756.86
"1699",2008,"RUS",3344844476376.81
"1700",2009,"RUS",3109064990324.7
"1701",2010,"RUS",3237420731227.79
"1702",2011,"RUS",3375126043536.4
"1703",2012,"RUS",3507819276769.49
"1704",2013,"RUS",3563241463881.28
"1705",2014,"RUS",3587277907452.26
"1706",2015,"RUS",3526360394179.65
"1707",2016,"RUS",3534180679564.04
"1708",2017,"RUS",3596321558129.76
"1709",2018,"RUS",3690204254611.83
"1710",2019,"RUS",3756795934050
"1711",2020,"RUS",3660263737053.5
"1712",2021,"RUS",3787777640394.05
"1713",2022,"RUS",3894995528100.85
"1714",2023,"RUS",3.963855e+12
"1715",2024,"RUS",4.013793e+12
"1716",2025,"RUS",4.053411e+12
"1717",2026,"RUS",4.088843e+12
"1718",2027,"RUS",4.123838e+12
"1719",2028,"RUS",4.159268e+12
"1720",2029,"RUS",4.195597e+12
"1721",2030,"RUS",4.233023e+12
"1722",2031,"RUS",4.27158e+12
"1723",2032,"RUS",4.311321e+12
"1724",2033,"RUS",4.352009e+12
"1725",2034,"RUS",4.393158e+12
"1726",2035,"RUS",4.434166e+12
"1727",2036,"RUS",4.474498e+12
"1728",2037,"RUS",4.513836e+12
"1729",2038,"RUS",4.551958e+12
"1730",2039,"RUS",4.588656e+12
"1731",2040,"RUS",4.623715e+12
"1732",2041,"RUS",4.656947e+12
"1733",2042,"RUS",4.688272e+12
"1734",2043,"RUS",4.717668e+12
"1735",2044,"RUS",4.745079e+12
"1736",2045,"RUS",4.770475e+12
"1737",2046,"RUS",4.79401e+12
"1738",2047,"RUS",4.816192e+12
"1739",2048,"RUS",4.837763e+12
"1740",2049,"RUS",4.859535e+12
"1741",2050,"RUS",4.882331e+12
"1742",2051,"RUS",4.907036e+12
"1743",2052,"RUS",4.934656e+12
"1744",2053,"RUS",4.966331e+12
"1745",2054,"RUS",5.003069e+12
"1746",2055,"RUS",5.045563e+12
"1747",2056,"RUS",5.094103e+12
"1748",2057,"RUS",5.14857e+12
"1749",2058,"RUS",5.20839e+12
"1750",2059,"RUS",5.272554e+12
"1751",2060,"RUS",5.339878e+12
"1752",1990,"SAU",544485702596.245
"1753",1991,"SAU",594054544719.296
"1754",1992,"SAU",621550675672.786
"1755",1993,"SAU",621712635948.375
"1756",1994,"SAU",625850496044.824
"1757",1995,"SAU",627107937628.904
"1758",1996,"SAU",648328107903.355
"1759",1997,"SAU",665137110116.301
"1760",1998,"SAU",683990860808.549
"1761",1999,"SAU",678871116541.346
"1762",2000,"SAU",711895266623.417
"1763",2001,"SAU",715793560478.892
"1764",2002,"SAU",716707961201.483
"1765",2003,"SAU",771602372108.63
"1766",2004,"SAU",843007733332.675
"1767",2005,"SAU",904176980194.725
"1768",2006,"SAU",954600612661.158
"1769",2007,"SAU",1011802957495.43
"1770",2008,"SAU",1097069418971.9
"1771",2009,"SAU",1117136747006.92
"1772",2010,"SAU",1200189751383.68
"1773",2011,"SAU",1320996563036.96
"1774",2012,"SAU",1392577039454.77
"1775",2013,"SAU",1429948392509.49
"1776",2014,"SAU",1482038372788.34
"1777",2015,"SAU",1542252539433.82
"1778",2016,"SAU",1567849567742.96
"1779",2017,"SAU",1556533936321.54
"1780",2018,"SAU",1594066980045.9
"1781",2019,"SAU",1599755168823.99
"1782",2020,"SAU",1534013546388.02
"1783",2021,"SAU",1576927066453.25
"1784",2022,"SAU",1636386424662.44
"1785",2023,"SAU",1.701242e+12
"1786",2024,"SAU",1.760535e+12
"1787",2025,"SAU",1.810802e+12
"1788",2026,"SAU",1.854144e+12
"1789",2027,"SAU",1.894111e+12
"1790",2028,"SAU",1.933034e+12
"1791",2029,"SAU",1.971363e+12
"1792",2030,"SAU",2.00924e+12
"1793",2031,"SAU",2.046666e+12
"1794",2032,"SAU",2.083738e+12
"1795",2033,"SAU",2.120495e+12
"1796",2034,"SAU",2.156851e+12
"1797",2035,"SAU",2.192632e+12
"1798",2036,"SAU",2.227691e+12
"1799",2037,"SAU",2.262053e+12
"1800",2038,"SAU",2.29584e+12
"1801",2039,"SAU",2.329171e+12
"1802",2040,"SAU",2.362134e+12
"1803",2041,"SAU",2.394824e+12
"1804",2042,"SAU",2.427389e+12
"1805",2043,"SAU",2.460027e+12
"1806",2044,"SAU",2.492901e+12
"1807",2045,"SAU",2.526116e+12
"1808",2046,"SAU",2.559732e+12
"1809",2047,"SAU",2.593778e+12
"1810",2048,"SAU",2.628257e+12
"1811",2049,"SAU",2.663083e+12
"1812",2050,"SAU",2.698134e+12
"1813",2051,"SAU",2.733336e+12
"1814",2052,"SAU",2.768716e+12
"1815",2053,"SAU",2.804347e+12
"1816",2054,"SAU",2.840271e+12
"1817",2055,"SAU",2.876507e+12
"1818",2056,"SAU",2.913109e+12
"1819",2057,"SAU",2.950226e+12
"1820",2058,"SAU",2.988052e+12
"1821",2059,"SAU",3.026704e+12
"1822",2060,"SAU",3.066183e+12
"1823",1990,"TUR",673528493942.576
"1824",1991,"TUR",679768827948.93
"1825",1992,"TUR",720448141172.68
"1826",1993,"TUR",778386729023.888
"1827",1994,"TUR",735920571031.356
"1828",1995,"TUR",788842227744.473
"1829",1996,"TUR",844103145572.958
"1830",1997,"TUR",907653983166.426
"1831",1998,"TUR",935717412493.979
"1832",1999,"TUR",905183374794.304
"1833",2000,"TUR",967941909097.348
"1834",2001,"TUR",912285186638.743
"1835",2002,"TUR",971106798545.651
"1836",2003,"TUR",1027073686236.66
"1837",2004,"TUR",1127685171396.56
"1838",2005,"TUR",1229090061688.08
"1839",2006,"TUR",1314487088904.37
"1840",2007,"TUR",1380783351547.17
"1841",2008,"TUR",1392037075422.37
"1842",2009,"TUR",1324896982775.25
"1843",2010,"TUR",1436547435197.57
"1844",2011,"TUR",1597442336184.95
"1845",2012,"TUR",1673935745076.41
"1846",2013,"TUR",1815982869482.74
"1847",2014,"TUR",1905687250094.28
"1848",2015,"TUR",2021638543148.95
"1849",2016,"TUR",2088819293499.15
"1850",2017,"TUR",2245522463368.02
"1851",2018,"TUR",2311966726474.59
"1852",2019,"TUR",2333156706137.71
"1853",2020,"TUR",2374142121124.89
"1854",2021,"TUR",2509908218327.79
"1855",2022,"TUR",2594843564905.43
"1856",2023,"TUR",2.735504e+12
"1857",2024,"TUR",2.884928e+12
"1858",2025,"TUR",3.030335e+12
"1859",2026,"TUR",3.16715e+12
"1860",2027,"TUR",3.295407e+12
"1861",2028,"TUR",3.418019e+12
"1862",2029,"TUR",3.536888e+12
"1863",2030,"TUR",3.653265e+12
"1864",2031,"TUR",3.767951e+12
"1865",2032,"TUR",3.881408e+12
"1866",2033,"TUR",3.993909e+12
"1867",2034,"TUR",4.105644e+12
"1868",2035,"TUR",4.216853e+12
"1869",2036,"TUR",4.327888e+12
"1870",2037,"TUR",4.439076e+12
"1871",2038,"TUR",4.550676e+12
"1872",2039,"TUR",4.662909e+12
"1873",2040,"TUR",4.775883e+12
"1874",2041,"TUR",4.889728e+12
"1875",2042,"TUR",5.004384e+12
"1876",2043,"TUR",5.119824e+12
"1877",2044,"TUR",5.235887e+12
"1878",2045,"TUR",5.352433e+12
"1879",2046,"TUR",5.469225e+12
"1880",2047,"TUR",5.58599e+12
"1881",2048,"TUR",5.702489e+12
"1882",2049,"TUR",5.818536e+12
"1883",2050,"TUR",5.933944e+12
"1884",2051,"TUR",6.048625e+12
"1885",2052,"TUR",6.162534e+12
"1886",2053,"TUR",6.275708e+12
"1887",2054,"TUR",6.388256e+12
"1888",2055,"TUR",6.500397e+12
"1889",2056,"TUR",6.612466e+12
"1890",2057,"TUR",6.724755e+12
"1891",2058,"TUR",6.837699e+12
"1892",2059,"TUR",6.951846e+12
"1893",2060,"TUR",7.067842e+12
"1894",1990,"USA",9798433361400.19
"1895",1991,"USA",9787825403564.81
"1896",1992,"USA",10132595934047.8
"1897",1993,"USA",10411531318268.7
"1898",1994,"USA",10830994353401.8
"1899",1995,"USA",11121729086535.8
"1900",1996,"USA",11541296744376.1
"1901",1997,"USA",12054563714075.6
"1902",1998,"USA",12594777569787.2
"1903",1999,"USA",13193437331511.3
"1904",2000,"USA",13737993552683.5
"1905",2001,"USA",13875146336619.6
"1906",2002,"USA",14116809358302.4
"1907",2003,"USA",14520719966459.9
"1908",2004,"USA",15072347374852
"1909",2005,"USA",15601870359232.8
"1910",2006,"USA",16047299442498.4
"1911",2007,"USA",16348375084007.7
"1912",2008,"USA",16326046505846.3
"1913",2009,"USA",15911894119328.5
"1914",2010,"USA",16319838194403.6
"1915",2011,"USA",16572931769956.8
"1916",2012,"USA",16945747724877
"1917",2013,"USA",17257902126403.9
"1918",2014,"USA",17693831729416.5
"1919",2015,"USA",18238008170161.6
"1920",2016,"USA",18550137985352.4
"1921",2017,"USA",18982853578801
"1922",2018,"USA",19551667620854.5
"1923",2019,"USA",19974213887167.6
"1924",2020,"USA",19277860057068.2
"1925",2021,"USA",20600684206660.7
"1926",2022,"USA",21333157939088.9
"1927",2023,"USA",2.17456e+13
"1928",2024,"USA",2.208959e+13
"1929",2025,"USA",2.243553e+13
"1930",2026,"USA",2.279509e+13
"1931",2027,"USA",2.316543e+13
"1932",2028,"USA",2.354245e+13
"1933",2029,"USA",2.392222e+13
"1934",2030,"USA",2.430208e+13
"1935",2031,"USA",2.468065e+13
"1936",2032,"USA",2.505726e+13
"1937",2033,"USA",2.543221e+13
"1938",2034,"USA",2.580595e+13
"1939",2035,"USA",2.617895e+13
"1940",2036,"USA",2.655186e+13
"1941",2037,"USA",2.692587e+13
"1942",2038,"USA",2.730197e+13
"1943",2039,"USA",2.768092e+13
"1944",2040,"USA",2.80633e+13
"1945",2041,"USA",2.844962e+13
"1946",2042,"USA",2.884051e+13
"1947",2043,"USA",2.923618e+13
"1948",2044,"USA",2.963636e+13
"1949",2045,"USA",3.004056e+13
"1950",2046,"USA",3.044843e+13
"1951",2047,"USA",3.086052e+13
"1952",2048,"USA",3.127666e+13
"1953",2049,"USA",3.16964e+13
"1954",2050,"USA",3.211929e+13
"1955",2051,"USA",3.254511e+13
"1956",2052,"USA",3.297375e+13
"1957",2053,"USA",3.340524e+13
"1958",2054,"USA",3.383941e+13
"1959",2055,"USA",3.427618e+13
"1960",2056,"USA",3.471591e+13
"1961",2057,"USA",3.515985e+13
"1962",2058,"USA",3.560903e+13
"1963",2059,"USA",3.606446e+13
"1964",2060,"USA",3.652724e+13
"1965",2000,"WLD",55675111471328.6
"1966",2001,"WLD",56902065422937.1
"1967",2002,"WLD",58346368052424.8
"1968",2003,"WLD",60342053133522.2
"1969",2004,"WLD",63128665357360.2
"1970",2005,"WLD",65924663390071.3
"1971",2006,"WLD",69185956357421.1
"1972",2007,"WLD",72613689530760.1
"1973",2008,"WLD",74447960182195.4
"1974",2009,"WLD",73739749291217.7
"1975",2010,"WLD",77406243655827
"1976",2011,"WLD",80466919402104.7
"1977",2012,"WLD",82902946680564.4
"1978",2013,"WLD",85549503172424.6
"1979",2014,"WLD",88486365184737.1
"1980",2015,"WLD",91587772349209.3
"1981",2016,"WLD",94509094643032.2
"1982",2017,"WLD",98062496142123.4
"1983",2018,"WLD",101695577125605
"1984",2019,"WLD",104608770218275
"1985",2020,"WLD",101207240798170
"1986",2021,"WLD",107400073967992
"1987",2022,"WLD",112421645484062
"1988",2023,"WLD",1.166397e+14
"1989",2024,"WLD",1.204825e+14
"1990",2025,"WLD",1.241699e+14
"1991",2026,"WLD",1.277852e+14
"1992",2027,"WLD",1.313648e+14
"1993",2028,"WLD",1.349278e+14
"1994",2029,"WLD",1.384729e+14
"1995",2030,"WLD",1.419963e+14
"1996",2031,"WLD",1.45494e+14
"1997",2032,"WLD",1.48962e+14
"1998",2033,"WLD",1.52396e+14
"1999",2034,"WLD",1.55791e+14
"2000",2035,"WLD",1.591419e+14
"2001",2036,"WLD",1.624461e+14
"2002",2037,"WLD",1.657035e+14
"2003",2038,"WLD",1.689158e+14
"2004",2039,"WLD",1.720854e+14
"2005",2040,"WLD",1.752155e+14
"2006",2041,"WLD",1.783102e+14
"2007",2042,"WLD",1.81374e+14
"2008",2043,"WLD",1.84412e+14
"2009",2044,"WLD",1.874286e+14
"2010",2045,"WLD",1.904279e+14
"2011",2046,"WLD",1.93416e+14
"2012",2047,"WLD",1.964009e+14
"2013",2048,"WLD",1.993922e+14
"2014",2049,"WLD",2.023989e+14
"2015",2050,"WLD",2.054286e+14
"2016",2051,"WLD",2.084885e+14
"2017",2052,"WLD",2.115829e+14
"2018",2053,"WLD",2.147154e+14
"2019",2054,"WLD",2.178872e+14
"2020",2055,"WLD",2.210989e+14
"2021",2056,"WLD",2.243523e+14
"2022",2057,"WLD",2.276503e+14
"2023",2058,"WLD",2.309953e+14
"2024",2059,"WLD",2.343887e+14
"2025",2060,"WLD",2.378308e+14
"2026",1990,"ZAF",369630829105.992
"2027",1991,"ZAF",365867038771.549
"2028",1992,"ZAF",358048334290.15
"2029",1993,"ZAF",362465034193.729
"2030",1994,"ZAF",374187539310.363
"2031",1995,"ZAF",385845990054.105
"2032",1996,"ZAF",402463205007.758
"2033",1997,"ZAF",413115685590.475
"2034",1998,"ZAF",415253016891.228
"2035",1999,"ZAF",425045188304.435
"2036",2000,"ZAF",442703942195.787
"2037",2001,"ZAF",454813932954.003
"2038",2002,"ZAF",471495728847.92
"2039",2003,"ZAF",485400487690.35
"2040",2004,"ZAF",507508260265.486
"2041",2005,"ZAF",534290065652.673
"2042",2006,"ZAF",564229961684.17
"2043",2007,"ZAF",594475312087.52
"2044",2008,"ZAF",613445326313.32
"2045",2009,"ZAF",604009918449.649
"2046",2010,"ZAF",622370473407.522
"2047",2011,"ZAF",642810152216.96
"2048",2012,"ZAF",657037815365.695
"2049",2013,"ZAF",673366564631.248
"2050",2014,"ZAF",685803551718.399
"2051",2015,"ZAF",693990239785.47
"2052",2016,"ZAF",696759646976.699
"2053",2017,"ZAF",706615874619.217
"2054",2018,"ZAF",712177090876.642
"2055",2019,"ZAF",713263717530.994
"2056",2020,"ZAF",663623384607.222
"2057",2021,"ZAF",688701543359.234
"2058",2022,"ZAF",705931331184.986
"2059",2023,"ZAF",742033100000
"2060",2024,"ZAF",778323300000
"2061",2025,"ZAF",811367900000
"2062",2026,"ZAF",841609200000
"2063",2027,"ZAF",870134100000
"2064",2028,"ZAF",8.97977e+11
"2065",2029,"ZAF",925782900000
"2066",2030,"ZAF",953925500000
"2067",2031,"ZAF",982612300000
"2068",2032,"ZAF",1.011975e+12
"2069",2033,"ZAF",1.042082e+12
"2070",2034,"ZAF",1.072938e+12
"2071",2035,"ZAF",1.104502e+12
"2072",2036,"ZAF",1.136722e+12
"2073",2037,"ZAF",1.169557e+12
"2074",2038,"ZAF",1.20298e+12
"2075",2039,"ZAF",1.236943e+12
"2076",2040,"ZAF",1.271384e+12
"2077",2041,"ZAF",1.306251e+12
"2078",2042,"ZAF",1.341526e+12
"2079",2043,"ZAF",1.377215e+12
"2080",2044,"ZAF",1.413309e+12
"2081",2045,"ZAF",1.44979e+12
"2082",2046,"ZAF",1.486653e+12
"2083",2047,"ZAF",1.523927e+12
"2084",2048,"ZAF",1.561685e+12
"2085",2049,"ZAF",1.599988e+12
"2086",2050,"ZAF",1.638881e+12
"2087",2051,"ZAF",1.678407e+12
"2088",2052,"ZAF",1.718659e+12
"2089",2053,"ZAF",1.759735e+12
"2090",2054,"ZAF",1.801707e+12
"2091",2055,"ZAF",1.844609e+12
"2092",2056,"ZAF",1.888461e+12
"2093",2057,"ZAF",1.933316e+12
"2094",2058,"ZAF",1.979224e+12
"2095",2059,"ZAF",2.026195e+12
"2096",2060,"ZAF",2.0742e+12
